temu-tos	binding	Temu (Whaleco Technology Limited; DSA VLOP)	https://www.temu.com/no-en/terms-of-use.html
temu-privacy	binding	Temu (Whaleco Technology Limited; DSA VLOP)	https://www.temu.com/no-en/privacy-and-cookie-policy.html
temu-cookies	binding	Temu (Whaleco Technology Limited; DSA VLOP)	https://www.temu.com/no-en/cookie-and-similar-technologies-policy.html
temu-support	non-binding	Temu (Whaleco Technology Limited; DSA VLOP)	https://www.temu.com/support/c2/-in-f-55.html
shein-privacy	binding	Shein	https://eur.shein.com/Consumer-Privacy-Notice-s-101.html
shein-terms	binding	Shein	https://eur.shein.com/Terms-and-Conditions-a-399.html
shein-ranking	non-binding	Shein	https://eur.shein.com/ranking-policy-a-1979.html
x-legal-bases	binding	X	https://help.x.com/en/rules-and-policies/data-processing-legal-bases
x-cookies	binding	X	https://help.x.com/en/rules-and-policies/x-cookies
x-beta	non-binding	X	https://help.x.com/en/rules-and-policies/x-beta-experiments-program
x-user-research	non-binding	X	https://help.x.com/en/rules-and-policies/x-user-research
x-research-cat	non-binding	X	https://help.x.com/en/rules-and-policies#research-and-experiments
x-eng-blog	non-binding	X	https://blog.x.com/engineering/en_us/a/2015/the-what-and-why-of-product-experimentation-at-twitter-0
